Course Name,City,Zip,Type,Website,Booking Platform,Booking URL,Online Booking,Confidence,Notes
Ahwatukee Country Club,Ahwatukee (Phoenix),,Semi-Private,https://www.ahwatukeegolf.com/,teeitup,https://ahwatukee-golf-club.book.teeitup.com/,yes,high,
The Foothills Golf Club,Ahwatukee (Phoenix),,Public,https://www.thefoothillsgc.com/,chronogolf,https://www.chronogolf.com/club/the-foothills-golf-club,yes,high,
The Lakes at Ahwatukee,Ahwatukee (Phoenix),,Public,https://www.ahwatukeelakesgc.com/,teeitup,https://ahwatukee-lakes-golf-club.book.teeitup.com/,yes,high,
Apache Creek Golf Club,Apache Junction,,Public,https://www.apachecreekgolf.com/,ezlinks,https://apachecreek.ezlinks.com/,yes,high,
Coldwater Golf Club,Avondale,,Public,https://www.coldwatergolfclub.com,teeitup,https://coldwater-golf-club.book.teeitup.com/,yes,high,
Copper Canyon Golf Club (Sun City Festival),Buckeye,,Public,https://www.coppercanyongolfclub.com,teeitup,https://copper-canyon-golf-club.book.teeitup.com/,yes,high,
Sundance Golf Club,Buckeye,,Public,https://sundancegolfclub.com,teesnap,https://sundancegolfclub.teesnap.net/,yes,high,Teesnap maintenance message at fetch time
Verrado Golf Club - Founders Course,Buckeye,,Public,https://www.verradogolfclub.com,ezlinks,https://verrado.ezlinksgolf.com/index.html#/search,yes,high,One portal covers both Verrado courses
Verrado Golf Club - Victory Course,Buckeye,,Public,https://www.verradogolfclub.com,ezlinks,https://verrado.ezlinksgolf.com/index.html#/search,yes,high,One portal covers both Verrado courses
The Boulders Golf Club (North & South),Carefree,,Resort,https://www.theboulders.com/,chronogolf,https://www.chronogolf.com/club/the-boulders-golf-club-arizona,yes,high,
Dove Valley Ranch Golf Club,Cave Creek,,Public,https://www.dovevalleyranch.com/,foreup,https://foreupsoftware.com/index.php/booking/18754/413#/teetimes,yes,high,remapped from unclaimed Chronogolf listing
Rancho Manana Golf Club,Cave Creek,,Semi-Private,https://azhideawaycollection.com/rancho-manana-golf-club,teeitup,https://rancho-manana-golf-club.book.teeitup.com/,yes,high,
Bear Creek Golf Complex,Chandler,,Public,https://www.bearcreekaz.com/,ezlinks,https://bearcreekgcaz.ezlinksgolf.com/,yes,high,Bear course; Cub course: bearcreekgcazcub.ezlinksgolf.com
Lone Tree Golf Club,Chandler,,Public,https://www.lonetreegolf18.com/,teeitup,https://lone-tree-golf-club.book.teeitup.com/,yes,high,
Ocotillo Golf Club,Chandler,,Public,https://arcisgolf.com/clubs/ocotillo-golf-club/home,ezlinks,https://ocotillo.ezlinksgolf.com/index.html#!/search,yes,high,
San Marcos Golf Resort,Chandler,,Resort,https://www.sanmarcosgolfresort.com/,teeitup,https://san-marcos-golf-resort.book.teeitup.com/,yes,high,
Springfield Golf Resort,Chandler,,Public,https://www.springfieldgolfresort.com/,quick18,https://springfieldgolf.quick18.com/teetimes/searchmatrix,yes,high,Correct subdomain is springfieldgolf (not springfieldgolfresort)
SunBird Golf Club,Chandler,,Semi-Private,https://www.sunbirdgolf.com/,golfnow,https://www.golfnow.com/tee-times/facility/1963-sunbird-golf-club/search,yes,high,Own /tee-times bot-blocked; GolfNow is confirmed public channel
Whirlwind Golf Club at Wild Horse Pass,Chandler,,Public,https://www.whirlwindgolf.com/,ezlinks,https://whirlwindbest.ezlinksgolf.com/index.html#/search,yes,high,
Pueblo El Mirage Golf Club,El Mirage,,Public,https://www.puebloelmirage.com,teeitup,https://pueblo-el-mirage-golf-course.book.teeitup.com/,yes,high,Direct TeeItUp tenant found
Poston Butte Golf Club,Florence,,Public,https://www.postonbutte.com/,other:golfwithaccess,https://golfwithaccess.com/course/poston-butte-golf-club/reserve-tee-time,yes,high,
We-Ko-Pa Golf Club (Cholla & Saguaro),Fort McDowell,,Resort,https://wekopa.com/,other:rguest,https://book.rguest.com/onecart/golf/courses/2093/wekopa,yes,high,
Desert Canyon Golf Club,Fountain Hills,,Public,https://www.desertcanyongolf.com/,quick18,https://desertcanyon.quick18.com/teetimes/searchmatrix,yes,high,30-day window; 120-day advance via desertcanyon.golfdistrict.com
Golf Club at Eagle Mountain,Fountain Hills,,Public,https://www.eaglemtn.com/,other:embedded,https://www.eaglemtn.com/request-tt/,yes,high,Widget embedded; engine unidentifiable (bot-blocked); GolfNow facility 3200 alt
SunRidge Canyon Golf Club,Fountain Hills,,Public,https://www.sunridgegolf.com/,quick18,https://sunridgecanyon.play18.com/teetimes/searchmatrix,yes,high,AZ-resident variant: sunridgecanyonresident.play18.com
Greenfield Lakes Golf Course,Gilbert,,Public,https://www.golfgilbert.com/,teeitup,https://greenfield-lakes-golf-course.book.teeitup.com/,yes,high,
Kokopelli Golf Club,Gilbert,,Public,https://kokopelligc.com/,ezlinks,https://kokopellipp.ezlinksgolf.com/index.html#!/search,yes,high,
Power Ranch Golf Club (fka Trilogy at Power Ranch),Gilbert,,Public,https://www.powerranchgolfclub.com/,teeitup,https://power-ranch-golf-club.book.teeitup.com/,yes,high,
Western Skies Golf Club,Gilbert,,Public,https://www.westernskiesgolf.com/,ezlinks,https://westernskies.ezlinksgolf.com,yes,high,14-day window; 15+ days: westernskiesadv.ezlinksgolf.com
Bellair Golf Park,Glendale,,Public,https://www.bellairgolfpark.com,teeitup,https://bellair-golf-park.book.teeitup.com/,yes,high,
Desert Mirage Golf Course (Golf Ranch Glendale),Glendale,,Public,https://www.golfdm.com,golfnow,https://www.golfnow.com/tee-times/facility/4245-desert-mirage-golf-practice-center/search,yes,high,No own engine; GolfNow is the booking channel
The 500 Club,Glendale,,Public,https://the500club.com/,foreup,https://foreupsoftware.com/index.php/booking/index/19433#welcome,yes,high,
The Legend at Arrowhead,Glendale,,Public,https://www.legendatarrowhead.com,ezlinks,https://arcisgolfazpp.ezlinksgolf.com/index.html#/search,yes,high,Arcis AZ shared public EZLinks portal
Gold Canyon Golf Resort (Dinosaur Mountain & Sidewinder),Gold Canyon,,Resort,https://www.gcgr.com/,quick18,https://goldcanyon.quick18.com/teetimes/searchmatrix,yes,high,
Mountain Brook Golf Club,Gold Canyon,,Public,https://www.mountainbrookgolf.com/,teeitup,https://mountain-brook-golf-club.book.teeitup.com/,yes,high,
Golf Club of Estrella,Goodyear,,Public,https://www.estrellagolf.com,teeitup,https://golf-club-of-estrella.book.teeitup.com/,yes,high,
Junior National Golf Club (fka Tres Rios / Estrella Mountain),Goodyear,,Municipal,https://juniornational.org,teeitup,https://junior-national-golf-club.book.teeitup.com/,yes,high,Course renamed Junior National Golf Club (juniornational.org)
Palm Valley Golf Club,Goodyear,,Public,https://www.palmvalleygolf.com,ezlinks,https://palmvalleygc.ezlinksgolf.com/index.html#/search,yes,high,
Aguila 9 Golf Course,Laveen (Phoenix),,Municipal,https://www.phoenix.gov/administration/departments/parks/activities-facilities/phoenix-golf-courses/aguila-golf-course.html,teeitup,https://city-of-phoenix-golf-courses.book.teeitup.com/?course=4322,yes,high,Shared Phoenix muni tenant; course selected via ?course param
Aguila Golf Course,Laveen (Phoenix),,Municipal,https://www.phoenix.gov/administration/departments/parks/activities-facilities/phoenix-golf-courses/aguila-golf-course.html,teeitup,https://city-of-phoenix-golf-courses.book.teeitup.com/?course=287,yes,high,Shared Phoenix muni tenant; course selected via ?course param
Falcon Golf Club,Litchfield Park,,Public,https://www.playfalcongolf.com,teeitup,https://falcon-golf-club.book.teeitup.com/,yes,high,
Wigwam Golf Club - Gold Course,Litchfield Park,,Resort,https://wigwamgolf.com,chronogolf,https://www.chronogolf.com/club/wigwam-resort,yes,high,Shared club page for all 3 Wigwam courses
Wigwam Golf Club - Heritage (Red) Course,Litchfield Park,,Resort,https://wigwamgolf.com,chronogolf,https://www.chronogolf.com/club/wigwam-resort,yes,high,Shared club page for all 3 Wigwam courses
Wigwam Golf Club - Patriot (Blue) Course,Litchfield Park,,Resort,https://wigwamgolf.com,chronogolf,https://www.chronogolf.com/club/wigwam-resort,yes,high,Shared club page for all 3 Wigwam courses
Ak-Chin Southern Dunes Golf Club,Maricopa,,Public,https://www.akchinsoutherndunes.com/,teeitup,https://ak-chin-southern-dunes-golf-club-tgaz.book.teeitup.com/?course=3608,yes,high,
The Duke at Rancho El Dorado,Maricopa,,Public,https://www.thedukegolf.com/,teeitup,https://the-duke-at-rancho-el-dorado.book.teeitup.com/,yes,high,
Apache Wells Country Club,Mesa,,Semi-Private,https://apachewellscountryclub.com/,ezlinks,https://apachewells.ezlinksgolf.com/,yes,high,
Augusta Ranch Golf Club,Mesa,,Public,https://www.augustaranchgolf.com/,teeitup,https://augusta-ranch-golf-club.book.teeitup.com/,yes,high,
Dobson Ranch Golf Course,Mesa,,Municipal,https://www.dobsonranchgolfclub.com/,teeitup,https://dobson-ranch.book.teeitup.golf/teetimes,yes,high,
Fountain of the Sun Country Club,Mesa,,Semi-Private,https://fountainofthesun.org/,teeitup,https://fountain-of-the-sun-country-club.book.teeitup.com/,yes,high,
Golden Hills Golf Club (fka Arizona Golf Resort),Mesa,,Resort,https://www.arizonagolfresort.com/,teeitup,https://golden-hills-golf-club-az.book.teeitup.com/?course=1295,yes,high,
Las Sendas Golf Club,Mesa,,Public,https://www.lassendas.com/,teeitup,https://las-sendas-golf-club.book.teeitup.com/?course=21,yes,high,
Longbow Golf Club,Mesa,,Public,https://www.longbowgolf.com/,teeitup,https://longbow-golf-club.book.teeitup.com/,yes,high,
Painted Mountain Golf Resort,Mesa,,Public,https://www.paintedmountaingolf.com/,golfnow,https://www.golfnow.com/tee-times/facility/3233-painted-mountain-golf-club/search,yes,high,No own engine found
Royal Palms Golf Course,Mesa,,Public,,teeitup,https://royal-palms-golf-course.book.teeitup.com/,yes,high,
Sunland Springs Golf Club,Mesa,,Semi-Private,https://www.sunlandspringsgolf.com/,teeitup,https://sunland-springs-golf-club.book.teeitup.com/,yes,high,
Sunland Village East Golf Club,Mesa,,Semi-Private,https://sunlandvillageeast.org/,teeitup,https://sunland-village-east-golf-club.book.teeitup.com/,yes,high,
Sunland Village Golf Club,Mesa,,Semi-Private,https://www.sunlandvillagegolfcourse.com/,teeitup,https://sunland-village-golf-club.book.teeitup.com/,yes,high,
Superstition Springs Golf Club,Mesa,,Public,https://arcisgolf.com/clubs/superstition-springs-golf-club/home,ezlinks,https://superstitionspringspp.ezlinksgolf.com/index.html#!/search,yes,high,
Toka Sticks Golf Club,Mesa,,Public,https://www.tokasticksgolf.com/,ezlinks,https://tokasticks.ezlinksgolf.com/index.html#/search,yes,high,
Viewpoint Golf Resort,Mesa,,Semi-Private,https://www.viewpointgolfresort.com/,golfnow,https://www.golfnow.com/tee-times/facility/169-viewpoint-golf-resort/search,yes,high,Course site booking page bot-blocked; GolfNow confirmed
The Short Course at Mountain Shadows,Paradise Valley,,Resort,https://mountainshadows.com/,teeitup,https://mountain-shadows-golf-club.book.teeitup.com/,yes,high,Direct TeeItUp tenant linked from mountainshadows.com/golf
Peoria Pines Golf Course (fka Country Meadows),Peoria,,Public,https://www.peoriapines.com,teeitup,https://peoria-pines.book-v2.teeitup.golf/,yes,high,Engine behind the /tee-times/ widget on peoriapines.com
Quintero Golf Club,Peoria,,Public,https://www.quinterogolf.com,ezlinks,https://quintero2.ezlinksgolf.com/index.html#/search,yes,high,
Trilogy Golf Club at Vistancia,Peoria,,Public,https://www.mytrilogylife.com/vistancia/golf/,quick18,https://trilogyvistancia.quick18.com/,yes,high,
Westbrook Village Golf Club (Vistas & Lakes),Peoria,,Semi-Private,https://www.westbrookvillagegolf.com,golfnow,https://www.golfnow.com/tee-times/facility/7217-westbrook-golf-club-lakes-course/search,yes,high,Also GolfNow facilities 7217 (Lakes) & 7317 (Vistas) | remapped from unclaimed Chronogolf listing
Arizona Biltmore Golf Club - Estates Course,Phoenix,,Resort,https://azbiltmoregc.com/,chronogolf,https://www.chronogolf.com/club/arizona-biltmore-golf-club-arizona-phoenix,yes,high,Page lists Estates & Links
Arizona Biltmore Golf Club - Links Course,Phoenix,,Resort,https://azbiltmoregc.com/,chronogolf,https://www.chronogolf.com/club/arizona-biltmore-golf-club-arizona-phoenix,yes,high,Page lists Estates & Links
Arizona Grand Golf Course,Phoenix,,Resort,https://www.arizonagrandgolf.com/,chronogolf,https://www.chronogolf.com/club/arizona-grand-resort-golf-club,yes,high,
Cave Creek Golf Course,Phoenix,,Municipal,https://www.phoenix.gov/administration/departments/parks/activities-facilities/phoenix-golf-courses/cave-creek-golf-course.html,teeitup,https://city-of-phoenix-golf-courses.book.teeitup.com/?course=288,yes,high,Shared Phoenix muni tenant; course selected via ?course param
Encanto 18 Golf Course,Phoenix,,Municipal,https://www.phoenix.gov/administration/departments/parks/activities-facilities/phoenix-golf-courses/encanto-golf-course.html,teeitup,https://city-of-phoenix-golf-courses.book.teeitup.com/?course=289,yes,high,Shared Phoenix muni tenant; course selected via ?course param
Encanto 9 Golf Course,Phoenix,,Municipal,https://www.phoenix.gov/administration/departments/parks/activities-facilities/phoenix-golf-courses/encanto-golf-course.html,teeitup,https://city-of-phoenix-golf-courses.book.teeitup.com/,yes,high,Shared Phoenix muni tenant
Grand Canyon University (GCU) Golf Course,Phoenix,,Municipal,https://gcugolf.com/,foreup,https://foreupsoftware.com/index.php/booking/22280#/teetimes,yes,high,
Lookout Mountain Golf Club (Hilton Tapatio Cliffs),Phoenix,,Resort,https://www.lookoutmountaingolf.com/,chronogolf,https://www.chronogolf.com/club/lookout-mountain-golf-club-at-tapatio-cliffs,yes,high,
Palo Verde Golf Course,Phoenix,,Municipal,https://www.phoenix.gov/administration/departments/parks/activities-facilities/phoenix-golf-courses.html,teeitup,https://city-of-phoenix-golf-courses.book.teeitup.com/?course=3209,yes,high,Shared Phoenix muni tenant; course selected via ?course param
Papago Golf Club,Phoenix,,Municipal,https://www.papagogolfclub.com/,quick18,https://papago.quick18.com/,yes,high,Phoenix resident variant: papagoresidentcardholder.quick18.com
Raven Golf Club - Phoenix,Phoenix,,Public,https://ravenphx.com/,ezlinks,https://ravenpp.ezlinksgolf.com/index.html#!/search,yes,high,
Stonecreek Golf Club,Phoenix,,Public,https://arcisgolf.com/clubs/stonecreek-golf-club/home,ezlinks,https://stonecreekpp.ezlinksgolf.com/index.html#!/search,yes,high,
The Legacy Golf Club,Phoenix,,Resort,https://www.golflegacyresort.com/,teeitup,https://the-legacy-golf-club.book-v2.teeitup.com/,yes,high,
Villa de Paz Golf Club,Phoenix,,Public,https://www.villadepazgolf.com/,teeitup,https://villa-de-paz.book.teeitup.com/,yes,high,Direct TeeItUp tenant linked from course site
Wildfire Golf Club - Faldo Course (JW Marriott Desert Ridge),Phoenix,,Resort,https://www.wildfiregolf.com/,other:rguest,https://book.rguest.com/onecart/golf/courses/2418/wildfire-golf-club,yes,high,One portal covers both Wildfire courses
Wildfire Golf Club - Palmer Course (JW Marriott Desert Ridge),Phoenix,,Resort,https://www.wildfiregolf.com/,other:rguest,https://book.rguest.com/onecart/golf/courses/2418/wildfire-golf-club,yes,high,One portal covers both Wildfire courses
Las Colinas Golf Club,Queen Creek,,Public,https://www.lascolinasgolfaz.com/,other:golfwithaccess,https://golfwithaccess.com/course/las-colinas-golf-club/reserve-tee-time,yes,high,
Queen Valley Golf Course,Queen Valley,,Public,https://www.qvga.golf/,teeitup,https://queen-valley-golf-course.book.teeitup.com/,yes,high,
Tonto Verde Golf Club,Rio Verde,,Semi-Private,https://www.tontoverde.org/,,,no,high,Lists Ranch & Peaks courses | unclaimed Chronogolf; no public online booking (phone-only/member)
Vista Verde Golf Club,Rio Verde,,Public,https://www.vistaverdegolf.com/,,,no,high,unclaimed Chronogolf; no public online booking (phone-only/member)
"Encanterra, A Trilogy Country Club",San Tan Valley,,Semi-Private,https://www.mytrilogylife.com/encanterra/golf/,chronogolf,https://www.chronogolf.com/club/encanterra-country-club-arizona-queen-creek,yes,high,
San Tan Highlands Golf Club (fka Golf Club at Johnson Ranch),San Tan Valley,,Public,https://www.santanhighlands.com/,teeitup,https://san-tan-highlands.book.teeitup.com/,yes,high,
Camelback Golf Club (Ambiente & Padre),Scottsdale,,Resort,https://www.camelbackgolf.com/,other:rguest,https://book.rguest.com/onecart/golf/courses/2281/camelback-golf-club?id=410,yes,high,
Continental Golf Club,Scottsdale,,Public,https://continentalgc.com/,ezlinks,https://continentalpp.ezlinksgolf.com/index.html#!/search,yes,high,
Coronado Golf Course,Scottsdale,,Public,https://www.coronadogolfscottsdale.com/,teeitup,https://coronado-golf-course.book-v2.teeitup.golf,yes,high,
Grayhawk Golf Club (Raptor & Talon),Scottsdale,,Public,https://grayhawkgolf.com/,quick18,https://grayhawk.quick18.com/teetimes/searchmatrix,yes,high,
Legend Trail Golf Club,Scottsdale,,Public,https://www.legendtrailgc.com/,foreup,https://foreupsoftware.com/index.php/booking/21561#/teetimes,yes,high,
McCormick Ranch Golf Club (Pine & Palm),Scottsdale,,Resort,https://mccormickranchgolf.com/,teeitup,"https://mccormick-ranch.book.teeitup.com/?course=7078,1356",yes,high,
McDowell Mountain Golf Club,Scottsdale,,Public,https://arcisgolf.com/clubs/mcdowell-mountain-golf-club/home,ezlinks,https://mcdowellmt.ezlinksgolf.com/index.html#/search,yes,high,
Orange Tree Golf Resort,Scottsdale,,Resort,https://orangetreegolfcourse.com/,foreup,https://foreupsoftware.com/index.php/booking/21561#/teetimes,yes,high,remapped from unclaimed Chronogolf listing
Scottsdale Country Club (formerly Starfire Golf Club),Scottsdale,,Public,https://www.scottsdaleccgolf.com/,chronogolf,https://www.chronogolf.com/club/starfire-golf-club,yes,high,Chronogolf page still under former name Starfire
Scottsdale Silverado Golf Club,Scottsdale,,Public,https://www.chronogolf.com/club/scottsdale-silverado-golf-club,teeitup,https://silverado-golf-club.book.teeitup.com/,yes,high,remapped from unclaimed Chronogolf listing
Talking Stick Golf Club (O'odham & Piipaash),Scottsdale,,Resort,https://www.talkingstickgolfclub.com/,ezlinks,https://talkingstickdailyfee.ezlinksgolf.com/index.html#/search,yes,high,Lists North & South (O'odham/Piipaash) | remapped from unclaimed Chronogolf listing
The Phoenician Golf Club,Scottsdale,,Resort,https://www.thephoenician.com/,chronogolf,https://www.chronogolf.com/club/the-phoenician-resort,yes,high,
TPC Scottsdale (Stadium & Champions),Scottsdale,,Resort,https://tpc.com/scottsdale/,ezlinks,https://tpcscottsdale.ezlinksgolf.com,yes,high,
Troon North Golf Club (Monument & Pinnacle),Scottsdale,,Public,https://www.troonnorthgolf.com/,teeitup,https://troon-north-golf-club-tgaz.book.teeitup.com/,yes,high,Lists Monument & Pinnacle | remapped from unclaimed Chronogolf listing
Villa Monterey Public Golf Club,Scottsdale,,Public,https://www.chronogolf.com/club/villa-monterey-public-golf-club,,,no,high,unclaimed Chronogolf; no public online booking (phone-only/member)
Westin Kierland Golf Club,Scottsdale,,Resort,https://www.kierlandgolf.com/,chronogolf,https://www.chronogolf.com/club/westin-kierland-golf-club,yes,high,
Quail Run Golf Course (RCSC),Sun City,,Public,https://suncityaz.org,golfnow,https://www.golfnow.com/tee-times/facility/5730-sun-city-quail-run-golf-course/search,yes,high,RCSC member draw internal; non-members book via GolfNow
Riverview Golf Course (RCSC),Sun City,,Public,https://suncityaz.org,golfnow,https://www.golfnow.com/tee-times/facility/168-sun-city-riverview-golf-course/search,yes,high,RCSC member draw internal; non-members book via GolfNow
Sun City Country Club,Sun City,,Semi-Private,https://www.suncitycountryclub.org,golfnow,https://www.golfnow.com/tee-times/facility/3602-sun-city-country-club/search,yes,high,Own booking page bot-blocked; GolfNow verified
Sun City Lakes East Golf Course (RCSC),Sun City,,Public,https://suncityaz.org,golfnow,https://www.golfnow.com/tee-times/facility/12473-sun-city-lakes-east-golf-course/search,yes,high,RCSC members use internal draw; GolfNow is public channel
Sun City Lakes West Golf Course (RCSC),Sun City,,Public,https://suncityaz.org,golfnow,https://www.golfnow.com/tee-times/facility/5035-sun-city-lakes-west-golf-course/search,yes,high,RCSC members use internal draw; GolfNow is public channel
Sun City North Golf Course (RCSC),Sun City,,Public,https://suncityaz.org,golfnow,https://www.golfnow.com/tee-times/facility/12150-sun-city-north-golf-course/search,yes,high,RCSC member draw internal; non-members book via GolfNow
Sun City South Golf Course (RCSC),Sun City,,Public,https://suncityaz.org,golfnow,https://www.golfnow.com/tee-times/facility/3091-sun-city-south-golf-course/search,yes,high,RCSC member draw internal; non-members book via GolfNow
Union Hills Golf Club,Sun City,,Semi-Private,https://www.unionhillscc.com,golfnow,https://www.golfnow.com/tee-times/facility/2038-union-hills-golf-club/search,yes,high,Club site is JS members portal; GolfNow is public channel
Willowbrook Golf Course (RCSC),Sun City,,Public,https://suncityaz.org,golfnow,https://www.golfnow.com/tee-times/facility/6398-sun-city-willowbrook-golf-course/search,yes,high,RCSC member draw internal; non-members book via GolfNow
Willowcreek Golf Course (RCSC),Sun City,,Public,https://suncityaz.org,golfnow,https://www.golfnow.com/tee-times/facility/3576-sun-city-willowcreek-golf-course/search,yes,high,RCSC member draw internal; non-members book via GolfNow
Corte Bella Golf Club,Sun City West,,Semi-Private,https://www.cortebellagolfclub.com,teeitup,https://corte-bella-golf-club.book.teeitup.com/,yes,high,
Deer Valley Golf Course (Sun City West),Sun City West,,Public,https://suncitywest.com,other:totale,https://suncitywest.totaleintegrated.com/Public-Tee-Times/Tee-Times,yes,high,Shared SCW tee sheet; all 7 courses listed
Desert Trails Golf Course (Sun City West),Sun City West,,Public,https://suncitywest.com,other:totale,https://suncitywest.totaleintegrated.com/Public-Tee-Times/Tee-Times,yes,high,Shared SCW tee sheet
Echo Mesa Golf Course (Sun City West),Sun City West,,Public,https://suncitywest.com,other:totale,https://suncitywest.totaleintegrated.com/Public-Tee-Times/Tee-Times,yes,high,Shared SCW tee sheet
Grandview Golf Course (Sun City West),Sun City West,,Public,https://suncitywest.com,other:totale,https://suncitywest.totaleintegrated.com/Public-Tee-Times/Tee-Times,yes,high,Shared SCW tee sheet
Hillcrest Golf Club,Sun City West,,Public,https://www.hillcrestgolfclub.com,golfnow,https://www.golfnow.com/tee-times/facility/1296-hillcrest-golf-course/search,yes,high,
Pebblebrook Golf Course (Sun City West),Sun City West,,Public,https://suncitywest.com,other:totale,https://suncitywest.totaleintegrated.com/Public-Tee-Times/Tee-Times,yes,high,Shared SCW tee sheet
Stardust Golf Course (Sun City West),Sun City West,,Public,https://suncitywest.com,other:totale,https://suncitywest.totaleintegrated.com/Public-Tee-Times/Tee-Times,yes,high,Shared SCW tee sheet
Trail Ridge Golf Course (Sun City West),Sun City West,,Public,https://suncitywest.com,other:totale,https://suncitywest.totaleintegrated.com/Public-Tee-Times/Tee-Times,yes,high,Shared SCW tee sheet
Sun Lakes Country Club,Sun Lakes (Chandler),,Semi-Private,,other:chelsea,https://sunlakes.chelseareservations.com/,yes,high,"Official ""Book a Tee Time"" target; Chronogolf page non-bookable"
Arizona Traditions Golf Club,Surprise,,Public,https://www.aztraditions.com,golfnow,https://www.golfnow.com/tee-times/facility/56-arizona-traditions-golf-club/search,yes,high,Public channel; passholders use arizonatraditionseagle.ezlinks.com
Cimarron Golf Course (Sun City Grand),Surprise,,Semi-Private,https://livegrandaz.com/golf,teeitup,https://cimarron-golf-course.book.teeitup.com/,yes,high,
Coyote Lakes Golf Club,Surprise,,Public,https://www.coyotelakesgolfclub.com,quick18,https://coyotelakes.quick18.com/,yes,high,
Desert Springs Golf Course (Sun City Grand),Surprise,,Semi-Private,https://livegrandaz.com/golf,teeitup,https://desert-springs-golf-course.book.teeitup.com/,yes,high,
Granite Falls North (Sun City Grand),Surprise,,Semi-Private,https://livegrandaz.com/golf,teeitup,https://granite-falls-golf-course-north.book.teeitup.com/,yes,high,
Granite Falls South (Sun City Grand),Surprise,,Semi-Private,https://livegrandaz.com/golf,teeitup,https://granite-falls-golf-course-south.book.teeitup.com/,yes,high,
Great Eagle Golf Club (Happy Trails Resort),Surprise,,Public,https://greateaglegolfclub.com,teeitup,https://great-eagle-golf-club.book.teeitup.com/?course=3178,yes,high,Also greateagle.quick18.com
Sterling Grove Golf & Country Club,Surprise,,Semi-Private,https://www.sterlinggroveclub.com,teeitup,https://sterling-grove.book.teeitup.com/,yes,high,
Sun Village Golf Course,Surprise,,Public,https://sunvillage.org/golf-course-info/,teeitup,https://sun-village-golf-course.book.teeitup.com/,yes,high,
Grass Clippings at Rolling Hills,Tempe,,Municipal,https://grassclippingsaz.com/,ezlinks,https://grassclippingspub.ezlinksgolf.com/index.html#/search,yes,high,
Ken McDonald Golf Course,Tempe,,Municipal,https://www.playkenmcdonald.com/,other:totale,https://playkenmcdonald.totaleintegrated.com/,yes,low,"Cloudflare 525 at check time; Google index shows URL live — likely temporary outage, recheck"
Falcon Dunes Golf Course,Waddell,,Public,https://56fss.com/falcon-dunes-golf-course/,golfnow,https://www.golfnow.com/tee-times/facility/12232-falcon-dunes-golf-club/search,yes,high,Also on Prophet Services (secure.west.prophetservices.com/FalconDunesV3) — worth manual check
Los Caballeros Golf Club,Wickenburg,,Resort,https://www.ranchodeloscaballeros.com/golf-club,other:clubhouseonline,https://loscaballerosgc.clubhouseonline-e3.club/PublicTeeTimes/TeeSheet.aspx,yes,high,Tee sheet renders via JS
Wickenburg Golf Club,Wickenburg,,Public,https://wickenburggolfclub.com,foreup,https://foreupsoftware.com/index.php/booking/21224/7329#/teetimes,yes,high,
Wickenburg Ranch Golf & Social Club (Big Wick),Wickenburg,,Semi-Private,https://www.wickenburgranch.com/golf,golfnow,https://www.golfnow.com/tee-times/facility/12927-wickenburg-ranch-golf-social-club/search,yes,high,Troon page is members-only; GolfNow is public channel
San Pedro Golf Course,Benson,,Municipal,https://www.sanpedrogolf.com/,teeitup,https://troon.com/course/san-pedro-golf-course/reserve-tee-time,yes,high,Troon wrapper renders live TeeItUp tee sheet; no direct alias exists
Santa Rita Golf Club,Corona de Tucson (Vail),,Public,https://santaritagolf.com,golfnow,https://www.golfnow.com/tee-times/facility/1994-santa-rita-golf-club/search,yes,high,Course site unreachable (timeouts); GolfNow verified
Douglas Municipal Golf Course,Douglas,,Municipal,https://douglasaz.gov/,golfnow,https://www.golfnow.com/tee-times/facility/5326-city-of-douglas-municipal-golf-course/search,yes,high,Inventory unverified; chronogolf.com/club/douglas-golf-course-arizona also exists
Canoa Ranch Golf Club,Green Valley,,Public,https://www.canoaranchgolfclub.com/,teeitup,https://canoa-ranch-golf-club.book.teeitup.golf/,yes,high,
Desert Hills Golf Club,Green Valley,,Semi-Private,https://www.deserthillsgolfclub.org,,,no,high,Member-owned; verify public access before scraping | unclaimed Chronogolf; no public online booking (phone-only/member)
Haven Golf Course,Green Valley,,Public,https://www.havengolf.com/,teeitup,https://haven-golf-course.book.teeitup.com/,yes,high,
San Ignacio Golf Club,Green Valley,,Public,https://www.sanignaciogolf.com/,teeitup,https://san-ignacio-golf-club.book.teeitup.golf/,yes,high,
Torres Blancas Golf Club,Green Valley,,Public,https://www.torresblancasgolf.com/,teeitup,https://torres-blancas-golf-club.book.teeitup.golf/,yes,high,
Quarry Pines Golf Club,Marana,,Public,https://www.playthepines.com/,ezlinks,https://quarrypinespub.ezlinksgolf.com/,yes,high,
The Golf Club at Dove Mountain (fka Ritz-Carlton GC Dove Mountain),Marana,,Resort,https://www.golfclubatdovemountain.com,ezlinks,https://dovemountain.ezlinksgolf.com/index.html#/search,yes,high,Linked from clubsofdovemountain.com/golf
The Highlands at Dove Mountain (Heritage Highlands),Marana,,Semi-Private,https://www.thehighlandsatdovemountain.com/,golfnow,https://www.golfnow.com/tee-times/facility/512-the-highlands-at-dove-mountain/search,yes,high,Own site has no booking link
Palo Duro Creek Golf Course,Nogales,,Municipal,https://www.facebook.com/p/Palo-Duro-Creek-Golf-Course-100068769133106/,golfnow,https://www.golfnow.com/tee-times/facility/1310-palo-duro-creek-golf-course/search,yes,high,Also GolfNow facility 1310 | remapped from unclaimed Chronogolf listing
El Conquistador Golf Club (Conquistador/Cañada),Oro Valley,,Semi-Private,https://www.elcongolf.com/,other:golfwithaccess,https://golfwithaccess.com/course/el-conquistador-golf-club/reserve-tee-time,yes,high,Conquistador & Cañada filters on page
Pusch Ridge Golf Course,Oro Valley,,Public,https://www.elcongolf.com/,other:golfwithaccess,https://golfwithaccess.com/course/el-conquistador-golf-club/reserve-tee-time,yes,high,Pusch Ridge 9 bookable as course filter on El Con page
The Views Golf Club,Oro Valley,,Public,https://www.theviewsgolfclub.com/,clubprophet,https://viewsgolfaz.cps.golf/onlineresweb/,yes,high,Deeper /onlineresweb/ app path is the actual reservation app
The Preserve Golf Club at SaddleBrooke,SaddleBrooke (Tucson),,Semi-Private,https://www.golfthepreserve.com,golfnow,https://www.golfnow.com/tee-times/facility/3580-the-preserve-golf-club-at-saddlebrooke/search,yes,high,Residents book via golfsaddlebrooke.com
Mount Graham Golf Course,Safford (Thatcher),,Municipal,https://cityofsafford.us/,ezlinks,https://mtgrahampub.ezlinksgolf.com/index.html#!/search,yes,high,Troon-managed; linked from mtgrahamgolf.com
Mountain View Golf Course (Fort Huachuca),Sierra Vista,,Public,https://huachuca.armymwr.com/programs/mountain-view-golf-course,golfnow,https://www.golfnow.com/tee-times/facility/15603-mountain-view-golf-course/search,yes,high,MWR page says call pro shop; GolfNow inventory unverified
Sierra Vista Golf Center at Pueblo del Sol (fka Pueblo del Sol CC),Sierra Vista,,Semi-Private,https://www.pdscountryclub.com/,teeitup,https://sierra-vista-golf-center-at-pueblo-del-sol.book.teeitup.com/,yes,high,Renamed Sierra Vista Golf Center at Pueblo del Sol
Tubac Golf Resort & Spa,Tubac,,Resort,https://tubacgolfresort.com/,teeitup,https://tubac-golf-resort.book.teeitup.com/,yes,high,
Arizona National Golf Club,Tucson,,Public,https://www.arizonanationalgolfclub.com/,teeitup,https://arizona-national.book.teeitup.golf/,yes,high,Direct TeeItUp alias (Troon wrapper works as fallback)
Dell Urich Golf Course,Tucson,,Municipal,https://www.tucsoncitygolf.com/,other:golfwithaccess,https://golfwithaccess.com/course/tucson-city-golf/reserve-tee-time,yes,high,Shared Tucson City Golf tenant; filter by course
Dorado Golf Course,Tucson,,Public,https://doradogolfcourse.com/,foreup,https://foreupsoftware.com/index.php/booking/21222/7310#teetimes,yes,high,Linked from doradocc.com
El Rio Golf Course,Tucson,,Municipal,https://www.tucsoncitygolf.com/,other:golfwithaccess,https://golfwithaccess.com/course/tucson-city-golf/reserve-tee-time,yes,high,Shared Tucson City Golf tenant; filter by course
Forty Niner Country Club,Tucson,,Semi-Private,https://www.fortyninercc.com/,golfnow,https://www.golfnow.com/tee-times/facility/302-forty-niner-country-club/search,yes,high,Own site has no tee-time link
Fred Enke Golf Course,Tucson,,Municipal,https://www.tucsoncitygolf.com/,other:golfwithaccess,https://golfwithaccess.com/course/tucson-city-golf/reserve-tee-time,yes,high,Shared Tucson City Golf tenant; filter by course
Omni Tucson National (Catalina/Sonoran),Tucson,,Resort,https://www.omnihotels.com/hotels/tucson-national,teeitup,https://omni-tucson-national-resort-spa.book.teeitup.com/,yes,high,
Quail Canyon Golf Course,Tucson,,Public,http://www.quailcanyongolf.com/,golfnow,https://www.golfnow.com/tee-times/facility/13261-quail-canyon-golf-course/search,yes,high,GolfNow inventory unverified
Randolph North Golf Course,Tucson,,Municipal,https://www.tucsoncitygolf.com/,other:golfwithaccess,https://golfwithaccess.com/course/tucson-city-golf/reserve-tee-time,yes,high,Shared Tucson City Golf tenant; filter by course
Rolling Hills Golf Course,Tucson,,Public,,teeitup,https://rolling-hills-golf-course-2.book.teeitup.com/,yes,high,Linked from rollinghillsgolftucson.com/book-a-tee-time
Sewailo Golf Club (Casino del Sol),Tucson,,Resort,https://www.casinodelsol.com/sewailo-golf-club,clubprophet,https://sewailo.cps.golf/,yes,high,
Silverbell Golf Course,Tucson,,Municipal,https://www.tucsoncitygolf.com/,other:golfwithaccess,https://golfwithaccess.com/course/tucson-city-golf/reserve-tee-time,yes,high,Shared Tucson City Golf tenant; filter by course
The Club at Starr Pass,Tucson,,Resort,https://www.theclubatstarrpass.com/,other:golfwithaccess,https://golfwithaccess.com/course/the-club-at-starr-pass/reserve-tee-time,yes,high,27 holes; Gambler/Pioneer/Palmer combos
Ventana Canyon Golf & Racquet Club (Mountain/Canyon),Tucson,,Resort,https://www.ventanacanyonclub.com/,teeitup,https://ventana-canyon-guest.book.teeitup.com/,yes,high,
Del Lago Golf Club,Vail,,Public,https://www.dellagogolf.net/,clubprophet,https://dellago.cps.golf/,yes,high,Blocks bots via robots.txt
Twin Lakes Golf Course,Willcox,,Municipal,https://cityofwillcox.org/golf/,golfnow,https://www.golfnow.com/tee-times/facility/3569-twin-lakes-golf-country-club/search,yes,high,GolfNow inventory unverified
Alpine Country Club,Alpine,,Public,,,,no,high,9-hole course | unclaimed Chronogolf; no public online booking (phone-only/member)
Agave Highlands Golf Course (formerly Verde Santa Fe),Cornville/Cottonwood,,Public,https://www.agavehighlands.com/,golfnow,https://www.golfnow.com/tee-times/facility/9655-agave-highlands/search,yes,high,Site /book-online widget unconfirmed; GolfNow verified
Prescott Golf Club,Dewey-Humboldt,,Semi-Private,https://www.prescottgolfclub.com/,ezlinks,https://prescott.ezlinksgolf.com/index.html#/search,yes,high,
Continental Country Club,Flagstaff,,Semi-Private,https://www.continentalgolfclub.com/,golfnow,https://www.golfnow.com/tee-times/facility/9508-continental-country-club/search,yes,high,
Pinewood Country Club,Munds Park,,Semi-Private,https://pinewoodcountryclubaz.com/,golfnow,https://www.golfnow.com/tee-times/facility/3307-pinewood-country-club-az/search,yes,high,Member-owned club; GolfNow is only public channel
Lake Powell National Golf Course,Page,,Public,https://lakepowellnationalgolfcourse.com/,chronogolf,https://www.chronogolf.com/club/lake-powell-national-golf-club,yes,high,
Payson Golf Course,Payson,,Public,https://paysongolfclub.com/,chronogolf,https://www.chronogolf.com/club/payson-golf-course,yes,high,
Pinetop Lakes Golf & Country Club,Pinetop-Lakeside,,Public,https://www.pinetoplakesgolf.com/,quick18,https://pinetoplakes.quick18.com/,yes,high,remapped from unclaimed Chronogolf listing
Antelope Hills Golf Course (North & South),Prescott,,Municipal,https://www.antelopehillsgolf.com/,teeitup,https://antelope-hills-golf-course.book.teeitup.com/,yes,high,Direct TeeItUp alias (Troon wrapper is official link)
StoneRidge Golf Course,Prescott Valley,,Public,https://www.stoneridgegolf.com/,teesnap,https://stoneridgegc.teesnap.net/,yes,high,Teesnap maintenance message at fetch time
Sedona Golf Resort,Sedona,,Resort,https://www.sedonagolfresort.com/,teeitup,https://sedona-golf-resort.book.teeitup.com/,yes,high,
Canyon Mesa Country Club,Sedona (Village of Oak Creek),,Semi-Private,https://www.canyonmesacountryclub.com/,teeitup,https://canyon-mesa-country-club.book.teeitup.golf/,yes,high,9-hole executive | remapped from unclaimed Chronogolf listing
Oakcreek Country Club,Sedona (Village of Oak Creek),,Semi-Private,https://oakcreekcc.com/,chronogolf,https://www.chronogolf.com/club/the-oakcreek-country-club-arizona-sedona,yes,high,
Birdie Ranch at Silver Creek (fka Silver Creek Golf Club),Show Low,,Public,https://www.birdieranch.com/,other:embedded,https://www.birdieranch.com/book-a-tee-time,yes,high,Engine behind widget not identifiable (Sucuri anti-bot); no teesnap subdomain exists
Bison Golf Club,Show Low,,Public,https://www.bisongolf.net/,other:embedded,https://www.bisongolf.net/book-a-tee-time,yes,high,Engine behind widget not identifiable (Sucuri anti-bot)
Snowflake Municipal Golf Course,Snowflake,,Municipal,,foreup,https://foreupsoftware.com/index.php/booking/index/1858,yes,high,remapped from unclaimed Chronogolf listing
Elephant Rocks Golf Course,Williams,,Municipal,,teeitup,https://elephant-rocks-at-williams.book.teeitup.com/,yes,high,Club page loads but online booking may not be enabled; call to confirm | remapped from unclaimed Chronogolf listing
Chaparral Golf & Country Club,Bullhead City,,Semi-Private,https://www.chaparralgolfbhc.com/,golfnow,https://www.golfnow.com/tee-times/facility/9595-chaparral-golf-course-and-restaurant/search,yes,high,Club page loads but online booking may not be enabled | remapped from unclaimed Chronogolf listing
Laughlin Ranch Golf Club,Bullhead City,,Public,https://laughlinranch.com/,chronogolf,https://www.chronogolf.com/club/laughlin-ranch-golf-course,yes,high,Active online booking w/ dynamic pricing
Desert Lakes Golf Club,Fort Mohave,,Public,,foreup,https://foreupsoftware.com/index.php/booking/20742/5618#/teetimes,yes,high,remapped from unclaimed Chronogolf listing
Los Lagos Golf Club,Fort Mohave,,Public,https://www.loslagoslinks.com/,golfnow,https://www.golfnow.com/tee-times/facility/8646-los-lagos-golf-club/search,yes,high,Site has own /public-tee-times page but it 403s to bots; sister course uses ForeUp
Cerbat Cliffs Golf Course,Kingman,,Municipal,https://www.cerbatcliffsgc.com/,foreup,https://foreupsoftware.com/index.php/booking/index/18916,yes,high,remapped from unclaimed Chronogolf listing
Valle Vista Golf Club,Kingman,,Semi-Private,https://www.vallevistart66az.com/,golfnow,https://www.golfnow.com/tee-times/facility/17081-valle-vista-golf-club/search,yes,high,remapped from unclaimed Chronogolf listing
Havasu Island Golf Course,Lake Havasu City,,Public,,,,no,high,unclaimed Chronogolf; no public online booking (phone-only/member)
"Lake Havasu Golf Club (formerly London Bridge GC, 36 holes)",Lake Havasu City,,Semi-Private,https://lakehavasugolfclub.com/,teesnap,https://lakehavasu.teesnap.net/,yes,high,36 holes confirmed
The Refuge Golf Club,Lake Havasu City,,Semi-Private,,teeitup,https://the-refuge-golf-club.book.teeitup.golf/,yes,high,remapped from unclaimed Chronogolf listing
El Rio Golf Club,Mohave Valley,,Public,https://elriogolf.com/,foreup,https://foreupsoftware.com/index.php/booking/19844/2640#/teetimes,yes,high,
Emerald Canyon Golf Course,Parker,,Municipal,https://www.emeraldcanyongolf.com/,other:teequest,https://bookateetime.teequest.com/course/84,yes,high,
Cocopah Rio Colorado Golf Course,Somerton,,Public,,golfnow,https://www.golfnow.com/tee-times/facility/9609-cocopah-rio-colorado-golf-course/search,yes,high,No course website
The Links at Coyote Wash,Wellton,,Public,https://www.coyotewashgolfcourse.com/,teeitup,https://coyote-wash-desert-golf-resort.book.teeitup.golf/,yes,high,
Cocopah Bend RV & Golf Resort,Yuma,,Public,https://cocopahrv.com/,,,no,high,unclaimed Chronogolf; no public online booking (phone-only/member)
Desert Hills Golf Course,Yuma,,Municipal,https://www.yumaaz.gov/,golfnow,https://www.golfnow.com/tee-times/facility/11026-desert-hills-golf-course/search,yes,high,remapped from unclaimed Chronogolf listing
Desert Hills Par 3 Golf Course,Yuma,,Municipal,https://www.yumaaz.gov/,golfnow,https://www.golfnow.com/tee-times/facility/15282-desert-hills-par-3/search,yes,high,City golf site is GolfNow-powered
Mesa del Sol Golf Club,Yuma,,Public,https://playmesadelsol.com/,foreup,https://foreupsoftware.com/index.php/booking/19175#/,yes,high,"Course site ""Powered by ForeUP""; all Book buttons link to ForeUp (Chronogolf page also exists)"
Foothills Executive Golf Course,Yuma (Fortuna Foothills),,Public,https://foothillsexecutivegolf.com/,clubcaddie,https://apimanager-cc37.clubcaddie.com/webapi/view/hiedabab,yes,high,Direct Club Caddie iframe URL (clubid 103387)
Fortuna del Rey Golf Club & RV Resort,Yuma (Fortuna Foothills),,Public,,chronogolf,https://www.chronogolf.com/club/fortuna-del-rey-golf-club-rv-resort,yes,high,9-hole course
Las Barrancas Golf Course,Yuma (Yuma Proving Ground),,Public,https://lasbarrancasgolf.com/,clubcaddie,https://apimanager-cc37.clubcaddie.com/webapi/view/fiedabab,yes,high,clubid 103385; JS-rendered view
Arizona City Golf Club,Arizona City,,Public,https://azcitygolfcourse.com/,teeitup,https://arizona-city-golf-club.book.teeitup.com/,yes,high,
Dave White Municipal Golf Course,Casa Grande,,Municipal,https://casagrandeaz.gov/219/Golf,golfnow,https://www.golfnow.com/tee-times/facility/11953-dave-white-municipal-golf-course/search,yes,high,City site unreachable; GolfNow verified
Francisco Grande Hotel & Golf Resort,Casa Grande,,Resort,https://www.franciscogrande.com/,teeitup,https://francisco-grande-hotel-and-golf-resort.book.teeitup.com/,yes,high,remapped from unclaimed Chronogolf listing
Mission Royale Golf Club,Casa Grande,,Public,https://www.missionroyalegolfclub.com/,golfnow,https://www.golfnow.com/tee-times/facility/196-mission-royale-golf-course/search,yes,high,remapped from unclaimed Chronogolf listing
Palm Creek Golf & RV Resort,Casa Grande,,Resort,https://www.sunoutdoors.com/arizona/palm-creek-resort-residences/golf,golfnow,https://www.golfnow.com/tee-times/facility/10749-palm-creek-resort-and-residences/search,yes,high,remapped from unclaimed Chronogolf listing
Robson Ranch Golf Club,Eloy,,Semi-Private,https://www.robsonranchgolf.com/,golfnow,https://www.golfnow.com/tee-times/facility/3537-robson-ranch-golf-club/search,yes,high,Own /teetimes/ bot-blocked; GolfNow verified
